{
  "c0e99f36bf2d9e7e3f5916576b788696" : {
    "statistic" : {
      "failed" : 0,
      "broken" : 0,
      "skipped" : 0,
      "passed" : 1,
      "unknown" : 0,
      "total" : 1
    },
    "items" : [ {
      "uid" : "fd19f8d39de7a3e6",
      "status" : "passed",
      "time" : {
        "start" : 1697026292117,
        "stop" : 1697026367987,
        "duration" : 75870
      }
    } ]
  },
  "506c99dd95b6675c6d75e584a8f3e7a1" : {
    "statistic" : {
      "failed" : 0,
      "broken" : 0,
      "skipped" : 0,
      "passed" : 1,
      "unknown" : 0,
      "total" : 1
    },
    "items" : [ {
      "uid" : "88789dfc46068b2d",
      "status" : "passed",
      "time" : {
        "start" : 1697026487686,
        "stop" : 1697026585831,
        "duration" : 98145
      }
    } ]
  },
  "8e26481f496483cf1ce3ad7a2ec19765" : {
    "statistic" : {
      "failed" : 0,
      "broken" : 0,
      "skipped" : 0,
      "passed" : 1,
      "unknown" : 0,
      "total" : 1
    },
    "items" : [ {
      "uid" : "b3d67a11331487d5",
      "status" : "passed",
      "time" : {
        "start" : 1697026194717,
        "stop" : 1697026292093,
        "duration" : 97376
      }
    } ]
  },
  "4b7a2d82804c919c21de1438ce9e8ac8" : {
    "statistic" : {
      "failed" : 0,
      "broken" : 0,
      "skipped" : 0,
      "passed" : 1,
      "unknown" : 0,
      "total" : 1
    },
    "items" : [ {
      "uid" : "692387113f2e568a",
      "status" : "passed",
      "time" : {
        "start" : 1697026368006,
        "stop" : 1697026487656,
        "duration" : 119650
      }
    } ]
  }
}