<model_info><model_components><categories><category name="Sources"><components><component name="Vs1" type="Voltage Source" /><component name="Photovoltaic Panel 1" type="Photovoltaic Panel" /></components></category><category name="Measurements"><components><component name="Va_grid" type="Voltage Measurement" /><component name="Single Phase Inverter.Vdc_rms" type="Voltage RMS" /><component name="Single Phase Inverter.Vout" type="Voltage Measurement" /><component name="Single Phase Inverter.Vdc" type="Voltage Measurement" /><component name="Single Phase Inverter.Iout" type="Current Measurement" /><component name="Single Phase Inverter.Vout_rms" type="Voltage RMS" /><component name="Single Phase Inverter.Iinv_rms" type="Current RMS" /><component name="Single Phase Inverter.Iout_rms" type="Current RMS" /></components></category><category name="Passive Components"><components><component name="Lm" type="Inductor" /><component name="Single Phase Inverter.Resr" type="Resistor" /><component name="Single Phase Inverter.R1" type="Resistor" /><component name="Single Phase Inverter.Ci" type="Capacitor" /><component name="Single Phase Inverter.Cf" type="Capacitor" /><component name="Single Phase Inverter.Lf" type="Inductor" /><component name="Rm" type="Resistor" /></components></category><category name="Signal Processing"><categories><category name="Sinks"><components><component name="PV_out.Out" type="Probe" /><component name="Single Phase Inverter.Current controller.pf" type="Probe" /><component name="Single Phase Inverter.Current controller.Termination1" type="Termination" /><component name="Single Phase Inverter.Current controller.Pref" type="Probe" /><component name="Single Phase Inverter.Current controller.Qref" type="Probe" /><component name="Single Phase Inverter.Current controller.Q" type="Probe" /><component name="Single Phase Inverter.Current controller.S" type="Probe" /><component name="Single Phase Inverter.Current controller.P" type="Probe" /><component name="Single Phase Inverter.Current controller.f_meas" type="Probe" /><component name="Single Phase Inverter.Current controller.P_pu" type="Probe" /><component name="Single Phase Inverter.Termination1" type="Termination" /><component name="Single Phase Inverter.On_inv" type="Digital Probe" /><component name="Single Phase Inverter.Q_mode" type="Digital Probe" /><component name="Single Phase Inverter.Vdc_MPPT.Vdc_ref" type="Probe" /><component name="Single Phase Inverter.Vdc_MPPT.Preff" type="Probe" /><component name="Single Phase Inverter.Vdc_MPPT.DC Voltage Controller.Probe Vdc ref" type="Probe" /><component name="Single Phase Inverter.Vdc_MPPT.DC Voltage Controller.Probe Vdc ref1" type="Probe" /></components></category><category name="Math Operations"><components><component name="Single Phase Inverter.Current controller.Gain6" type="Gain" /><component name="Single Phase Inverter.Current controller.Gain1" type="Gain" /><component name="Single Phase Inverter.Current controller.Gain2" type="Gain" /><component name="Single Phase Inverter.Current controller.Current_ref1.Product6" type="Product" /><component name="Single Phase Inverter.Current controller.Current_ref1.Product5" type="Product" /><component name="Single Phase Inverter.Current controller.Current_ref1.Product3" type="Product" /><component name="Single Phase Inverter.Current controller.Current_ref1.Product1" type="Product" /><component name="Single Phase Inverter.Current controller.Current_ref1.Product4" type="Product" /><component name="Single Phase Inverter.Current controller.Current_ref1.Sum3" type="Sum" /><component name="Single Phase Inverter.Current controller.Current_ref1.Sum4" type="Sum" /><component name="Single Phase Inverter.Current controller.Current_ref1.Limit3" type="Limit" /><component name="Single Phase Inverter.Current controller.Current_ref1.squared_Vt.Product1" type="Product" /><component name="Single Phase Inverter.Current controller.Current_ref1.squared_Vt.Sum3" type="Sum" /><component name="Single Phase Inverter.Current controller.Current_ref1.squared_Vt.Product2" type="Product" /><component name="Single Phase Inverter.Current controller.Current_ref1.Limit4" type="Limit" /><component name="Single Phase Inverter.Current controller.Current_ref1.Product2" type="Product" /><component name="Single Phase Inverter.Current controller.Current_ref1.Limit5" type="Limit" /><component name="Single Phase Inverter.Current controller.Gain3" type="Gain" /><component name="Single Phase Inverter.Current controller.Gain8" type="Gain" /><component name="Single Phase Inverter.Current controller.Power_Meas.Gain5" type="Gain" /><component name="Single Phase Inverter.Current controller.Power_Meas.Gain6" type="Gain" /><component name="Single Phase Inverter.Current controller.Power_Meas.Gain4" type="Gain" /><component name="Single Phase Inverter.Current controller.Power_Meas.Power_Meas_DQpu.Product3" type="Product" /><component name="Single Phase Inverter.Current controller.Power_Meas.Power_Meas_DQpu.Product2" type="Product" /><component name="Single Phase Inverter.Current controller.Power_Meas.Power_Meas_DQpu.Sum1" type="Sum" /><component name="Single Phase Inverter.Current controller.Power_Meas.Power_Meas_DQpu.Product1" type="Product" /><component name="Single Phase Inverter.Current controller.Power_Meas.Power_Meas_DQpu.Sum2" type="Sum" /><component name="Single Phase Inverter.Current controller.Power_Meas.Power_Meas_DQpu.Product4" type="Product" /><component name="Single Phase Inverter.Current controller.Gain7" type="Gain" /><component name="Single Phase Inverter.Current controller.Dq current controller.Gain4" type="Gain" /><component name="Single Phase Inverter.Current controller.Dq current controller.Sum1" type="Sum" /><component name="Single Phase Inverter.Current controller.Dq current controller.Sum12" type="Sum" /><component name="Single Phase Inverter.Current controller.Dq current controller.Limit3" type="Limit" /><component name="Single Phase Inverter.Current controller.Dq current controller.Sum2" type="Sum" /><component name="Single Phase Inverter.Current controller.Dq current controller.Sum13" type="Sum" /><component name="Single Phase Inverter.Current controller.Dq current controller.Product6" type="Product" /><component name="Single Phase Inverter.Current controller.Dq current controller.Gain7" type="Gain" /><component name="Single Phase Inverter.Current controller.Dq current controller.Sum9" type="Sum" /><component name="Single Phase Inverter.Current controller.Dq current controller.PI_d.Sum7" type="Sum" /><component name="Single Phase Inverter.Current controller.Dq current controller.PI_d.Kb" type="Gain" /><component name="Single Phase Inverter.Current controller.Dq current controller.PI_d.Gain1" type="Gain" /><component name="Single Phase Inverter.Current controller.Dq current controller.PI_d.Gain2" type="Gain" /><component name="Single Phase Inverter.Current controller.Dq current controller.PI_d.Sum6" type="Sum" /><component name="Single Phase Inverter.Current controller.Dq current controller.PI_d.Limit1" type="Limit" /><component name="Single Phase Inverter.Current controller.Dq current controller.PI_d.Sum5" type="Sum" /><component name="Single Phase Inverter.Current controller.Dq current controller.PI_d2.Gain1" type="Gain" /><component name="Single Phase Inverter.Current controller.Dq current controller.PI_d2.Limit1" type="Limit" /><component name="Single Phase Inverter.Current controller.Dq current controller.PI_d2.Sum7" type="Sum" /><component name="Single Phase Inverter.Current controller.Dq current controller.PI_d2.Kb" type="Gain" /><component name="Single Phase Inverter.Current controller.Dq current controller.PI_d2.Gain2" type="Gain" /><component name="Single Phase Inverter.Current controller.Dq current controller.PI_d2.Sum5" type="Sum" /><component name="Single Phase Inverter.Current controller.Dq current controller.PI_d2.Sum6" type="Sum" /><component name="Single Phase Inverter.Current controller.Dq current controller.Product1" type="Product" /><component name="Single Phase Inverter.Current controller.Dq current controller.Sum10" type="Sum" /><component name="Single Phase Inverter.Current controller.Dq current controller.Product7" type="Product" /><component name="Single Phase Inverter.Current controller.Dq current controller.Product5" type="Product" /><component name="Single Phase Inverter.Current controller.Limit4" type="Limit" /><component name="Single Phase Inverter.Current controller.Limit3" type="Limit" /><component name="Single Phase Inverter.Vdc_MPPT.DC Voltage Controller.Sum1" type="Sum" /><component name="Single Phase Inverter.Gain1" type="Gain" /><component name="Single Phase Inverter.Limit5" type="Limit" /></components></category><category name="Extras"><components><component name="Single Phase Inverter.Current controller.alpha beta to dq2" type="alpha beta to dq" /><component name="Single Phase Inverter.Current controller.dq to alpha beta1" type="dq to alpha beta" /><component name="Single Phase Inverter.Current controller.Single phase PLL1" type="Single phase PLL" /><component name="Single Phase Inverter.RMS value1" type="RMS value" /><component name="Single Phase Inverter.RMS value2" type="RMS value" /></components></category><category name="Discrete"><components><component name="Single Phase Inverter.Current controller.Power_Meas.Power_Meas_DQpu.LPF_P" type="Discrete Transfer Function" /><component name="Single Phase Inverter.Current controller.Power_Meas.Power_Meas_DQpu.LPF_Q" type="Discrete Transfer Function" /><component name="Single Phase Inverter.Current controller.Limit_PQref.Unit Delay1" type="Unit Delay" /><component name="Single Phase Inverter.Current controller.Limit_PQref.P rate limit" type="Rate Limiter" /><component name="Single Phase Inverter.Current controller.Limit_PQref.Q rate limit" type="Rate Limiter" /><component name="Single Phase Inverter.Current controller.Limit_PQref.Unit Delay2" type="Unit Delay" /><component name="Single Phase Inverter.Current controller.Limit_PQref.S rate limit" type="Rate Limiter" /><component name="Single Phase Inverter.Current controller.OSG.Discrete Transfer Function1" type="Discrete Transfer Function" /><component name="Single Phase Inverter.Current controller.Dq current controller.PI_d.Integrator1" type="Integrator" /><component name="Single Phase Inverter.Current controller.Dq current controller.PI_d2.Integrator1" type="Integrator" /></components></category><category name="Functions and Tables"><components><component name="Single Phase Inverter.Current controller.Power_Meas.Power_Meas_DQpu.S_and_pf" type="C function" /><component name="Single Phase Inverter.Current controller.Limit_PQref.priority_PQlim.PQ limiting with priority" type="C function" /><component name="Single Phase Inverter.Current controller.Limit_PQref.limS_overPQ.S limiting over PQ" type="C function" /><component name="Single Phase Inverter.Vdc_MPPT.MPPT.MPPT" type="C function" /><component name="Single Phase Inverter.Vdc_MPPT.DC Voltage Controller.PI with Antiwindup.C function1" type="C function" /><component name="Single Phase Inverter.delay1" type="C function" /></components></category><category name="Sources"><components><component name="Single Phase Inverter.Current controller.Constant3" type="Constant" /><component name="Single Phase Inverter.Constant1" type="Constant" /><component name="Single Phase Inverter.Vdc_MPPT.MPPT.V_incr" type="SCADA Input" /><component name="Single Phase Inverter.Vdc_MPPT.MPPT.MPPT_mode" type="SCADA Input" /><component name="PV_in.Enable" type="SCADA Input" /><component name="PV_in.Connect" type="SCADA Input" /><component name="PV_in.Q_ref" type="SCADA Input" /><component name="PV_in.Q_mode" type="SCADA Input" /></components></category><category name="System"><components><component name="Single Phase Inverter.Signal switch1" type="Signal switch" /><component name="Single Phase Inverter.Output.Bus Join1" type="Bus Join" /><component name="Single Phase Inverter.Input.Bus Split2" type="Bus Split" /><component name="Single Phase Inverter.Rate Transition2" type="Rate Transition" /><component name="Single Phase Inverter.Vdc_MPPT.MPPT.Rate Transition5" type="Rate Transition" /><component name="Single Phase Inverter.Vdc_MPPT.MPPT.Rate Transition2" type="Rate Transition" /><component name="Single Phase Inverter.Vdc_MPPT.Rate Transition1" type="Rate Transition" /><component name="Single Phase Inverter.Rate Transition3" type="Rate Transition" /><component name="PV_in.Bus Join1" type="Bus Join" /></components></category><category name="Logical Operations"><components><component name="Single Phase Inverter.Logical operator2" type="Logical operator" /></components></category><category name="Converter Control"><components><component name="Single Phase Inverter.Vdc_MPPT.DC Voltage Controller.DC Energy Calculation1" type="DC Energy Calculation" /><component name="Single Phase Inverter.Vdc_MPPT.DC Voltage Controller.DC Energy Calculation2" type="DC Energy Calculation" /></components></category></categories></category><category name="Contactors"><categories><category name="Ideal"><components><component name="Single Phase Inverter.S1" type="Single Pole Single Throw Contactor" /></components></category></categories></category><category name="Converters"><components><component name="Single Phase Inverter.Single Phase Inverter" type="Single Phase Inverter" /></components></category></categories></model_components></model_info>