"Status","Start Time","Stop Time","Duration in ms","Parent Suite","Suite","Sub Suite","Test Class","Test Method","Name","Description"
"passed","Wed Oct 11 14:11:32 CEST 2023","Wed Oct 11 14:12:47 CEST 2023","75870","","MG_HW2_TEST","","","","test_multiple[1-frac]",""
"passed","Wed Oct 11 14:12:48 CEST 2023","Wed Oct 11 14:14:47 CEST 2023","119650","","MG_HW2_TEST","","","","test_multiple[2-P&O]",""
"passed","Wed Oct 11 14:14:47 CEST 2023","Wed Oct 11 14:16:25 CEST 2023","98145","","MG_HW2_TEST","","","","test_multiple[3-GI]",""
"passed","Wed Oct 11 14:09:54 CEST 2023","Wed Oct 11 14:11:32 CEST 2023","97376","","MG_HW2_TEST","","","","test_multiple[0-idle]",""
