{
  "uid" : "ab17fc5a4eb3bca4b216b548c7f9fcbc",
  "name" : "timeline",
  "children" : [ {
    "name" : "DESKTOP-F61B0HN",
    "children" : [ {
      "name" : "20296-MainThread",
      "children" : [ {
        "name" : "test_multiple[3-GI]",
        "uid" : "88789dfc46068b2d",
        "parentUid" : "2ccbbea854e8316ff748005118a8b917",
        "status" : "passed",
        "time" : {
          "start" : 1697026487686,
          "stop" : 1697026585831,
          "duration" : 98145
        },
        "flaky" : false,
        "newFailed" : false,
        "newPassed" : false,
        "newBroken" : false,
        "retriesCount" : 0,
        "retriesStatusChange" : false,
        "parameters" : [ "3", "'GI'" ]
      }, {
        "name" : "test_multiple[0-idle]",
        "uid" : "b3d67a11331487d5",
        "parentUid" : "2ccbbea854e8316ff748005118a8b917",
        "status" : "passed",
        "time" : {
          "start" : 1697026194717,
          "stop" : 1697026292093,
          "duration" : 97376
        },
        "flaky" : false,
        "newFailed" : false,
        "newPassed" : false,
        "newBroken" : false,
        "retriesCount" : 0,
        "retriesStatusChange" : false,
        "parameters" : [ "0", "'idle'" ]
      }, {
        "name" : "test_multiple[2-P&O]",
        "uid" : "692387113f2e568a",
        "parentUid" : "2ccbbea854e8316ff748005118a8b917",
        "status" : "passed",
        "time" : {
          "start" : 1697026368006,
          "stop" : 1697026487656,
          "duration" : 119650
        },
        "flaky" : false,
        "newFailed" : false,
        "newPassed" : false,
        "newBroken" : false,
        "retriesCount" : 0,
        "retriesStatusChange" : false,
        "parameters" : [ "2", "'P&O'" ]
      }, {
        "name" : "test_multiple[1-frac]",
        "uid" : "fd19f8d39de7a3e6",
        "parentUid" : "2ccbbea854e8316ff748005118a8b917",
        "status" : "passed",
        "time" : {
          "start" : 1697026292117,
          "stop" : 1697026367987,
          "duration" : 75870
        },
        "flaky" : false,
        "newFailed" : false,
        "newPassed" : false,
        "newBroken" : false,
        "retriesCount" : 0,
        "retriesStatusChange" : false,
        "parameters" : [ "1", "'frac'" ]
      } ],
      "uid" : "2ccbbea854e8316ff748005118a8b917"
    } ],
    "uid" : "415bf4b9093db8fbc718bf58c51e1e4b"
  } ]
}