[ {
  "uid" : "fd19f8d39de7a3e6",
  "name" : "test_multiple[1-frac]",
  "time" : {
    "start" : 1697026292117,
    "stop" : 1697026367987,
    "duration" : 75870
  },
  "status" : "passed",
  "severity" : "normal"
}, {
  "uid" : "692387113f2e568a",
  "name" : "test_multiple[2-P&O]",
  "time" : {
    "start" : 1697026368006,
    "stop" : 1697026487656,
    "duration" : 119650
  },
  "status" : "passed",
  "severity" : "normal"
}, {
  "uid" : "88789dfc46068b2d",
  "name" : "test_multiple[3-GI]",
  "time" : {
    "start" : 1697026487686,
    "stop" : 1697026585831,
    "duration" : 98145
  },
  "status" : "passed",
  "severity" : "normal"
}, {
  "uid" : "b3d67a11331487d5",
  "name" : "test_multiple[0-idle]",
  "time" : {
    "start" : 1697026194717,
    "stop" : 1697026292093,
    "duration" : 97376
  },
  "status" : "passed",
  "severity" : "normal"
} ]